group,age_band,children,pct_of_pop,cost_per_book,remaining_years,remaining_book_months,committed_dollars
1,age 0-1,22,2.1999999999999997,1.25,6,1584,3770.52915639116
2,age 1-2,233,23.3,1.45,5,13980,33277.7762666341
3,age 2-3,241,24.099999999999998,1.2,4,11568,27536.288687583925
4,age 3-4,200,20.0,1.4,3,7200,17138.76889268709
5,age 4-5,194,19.400000000000002,1.4,2,4656,11083.070550604318
6,age 5 (grad),110,11.0,1.45,1,1320,3142.1076303259665
TOTAL,,1000,100.0,1.37,,40308,95948.54118422656
